missionID,doomName,doomName_en,DoomIcon_path,missionTheme,missionTitle_en,missionName,missionDescription,missionObjective,missionDifficulty,missionGimmick,missionGimmick_desc,enemyTotalCount,enemyList_ID
0,오염의 역병,Plague of Contamination,res_icon_dooms/icon_doom_PlagueofContamination,식수원 정화,Water Source Purification,기초 방어전,버민킨들이 드워프 거점의 생명줄인 지하 식수원에 오물과 역병 사체를 던져 넣고 있습니다. 정화 장치가 작동을 멈추기 전에 밀려오는 적들을 막아내야 합니다.,오염된 정화 장치를 지키며 적 공세 방어,쉬움,독기,매 턴 종료 시 모든 아군 유닛 HP -5% (난이도에 따라 수치 변동 가능),12,100/ 100/ 100/ 100/ 100/ 100/ 100/ 100/ 100/101/ 101/105
1,오염의 역병,Plague of Contamination,res_icon_dooms/icon_doom_PlagueofContamination,식수원 정화,Water Source Purification,역병의 침식,버민킨들이 드워프 거점의 생명줄인 지하 식수원에 오물과 역병 사체를 던져 넣고 있습니다. 정화 장치가 작동을 멈추기 전에 밀려오는 적들을 막아내야 합니다.,오염된 정화 장치를 지키며 적 공세 방어,보통,독기,매 턴 종료 시 모든 아군 유닛 HP -5% (난이도에 따라 수치 변동 가능),17,100/ 100/ 100/ 100/ 100/ 100/101/ 101/ 101/ 101/102/ 102/ 102/105/ 105/106/107
2,오염의 역병,Plague of Contamination,res_icon_dooms/icon_doom_PlagueofContamination,식수원 정화,Water Source Purification,절망의 오염,버민킨들이 드워프 거점의 생명줄인 지하 식수원에 오물과 역병 사체를 던져 넣고 있습니다. 정화 장치가 작동을 멈추기 전에 밀려오는 적들을 막아내야 합니다.,오염된 정화 장치를 지키며 적 공세 방어,어려움,독기,매 턴 종료 시 모든 아군 유닛 HP -5% (난이도에 따라 수치 변동 가능),23,100/ 100/ 100/ 100/102/ 102/ 102/ 102/ 102/104/105/ 105/ 105/ 105/ 105/106/ 106/ 106/ 106/ 106/107/ 107/ 107
3,오염의 역병,Plague of Contamination,res_icon_dooms/icon_doom_PlagueofContamination,포자 주머니 제거,Spore Sac Eradication,신속한 소탕,버민킨들이 전장 곳곳에 역병 포자 주머니를 심어두었습니다. 이 주머니들이 터져 독기 구름이 전역을 뒤덮기 전에  신속하게 움직여 핵심 군락을 파괴해야 합니다.,제한 시간 내 맵 곳곳의 역병 포자 파괴,쉬움,포자 폭발,포자 주머니 파괴 시: 인접한 1칸 범위 내 모든 유닛에게 HP -15% 고정 피해 및 2턴간 HIT -20 디버프 부여.,4,100/ 100/101/ 101
4,오염의 역병,Plague of Contamination,res_icon_dooms/icon_doom_PlagueofContamination,포자 주머니 제거,Spore Sac Eradication,독성의 장벽,버민킨들이 전장 곳곳에 역병 포자 주머니를 심어두었습니다. 이 주머니들이 터져 독기 구름이 전역을 뒤덮기 전에  신속하게 움직여 핵심 군락을 파괴해야 합니다.,제한 시간 내 맵 곳곳의 역병 포자 파괴,보통,포자 폭발,포자 주머니 파괴 시: 인접한 1칸 범위 내 모든 유닛에게 HP -15% 고정 피해 및 2턴간 HIT -20 디버프 부여.,7,100/ 100/102/ 102/ 102/105/106
5,오염의 역병,Plague of Contamination,res_icon_dooms/icon_doom_PlagueofContamination,포자 주머니 제거,Spore Sac Eradication,죽음의 군락지,버민킨들이 전장 곳곳에 역병 포자 주머니를 심어두었습니다. 이 주머니들이 터져 독기 구름이 전역을 뒤덮기 전에  신속하게 움직여 핵심 군락을 파괴해야 합니다.,제한 시간 내 맵 곳곳의 역병 포자 파괴,어려움,포자 폭발,포자 주머니 파괴 시: 인접한 1칸 범위 내 모든 유닛에게 HP -15% 고정 피해 및 2턴간 HIT -20 디버프 부여.,7,102/ 102/105/106/ 106/107/ 107
6,오염의 역병,Plague of Contamination,res_icon_dooms/icon_doom_PlagueofContamination,부패한 시신 소각,Corpse Incineration,정화의 불길,전장에 방치된 거대 괴수의 사체들이 역병의 온상이 되고 있습니다. 이 사체들을 수거하여 성스러운 불꽃이 타오르는 소각로에 던져 넣어야 감염의 확산을 막을 수 있습니다.,괴물 사체들을 특정 소각 지점으로 운반,쉬움,역병의 무게,사체 운반 유닛: 이동 거리 -1칸  매 턴 종료 시 HP -10% 피해 발생. (사체를 내려놓으면 페널티 해제),4,100/ 100/101/ 101
7,오염의 역병,Plague of Contamination,res_icon_dooms/icon_doom_PlagueofContamination,부패한 시신 소각,Corpse Incineration,시체 탈환전,전장에 방치된 거대 괴수의 사체들이 역병의 온상이 되고 있습니다. 이 사체들을 수거하여 성스러운 불꽃이 타오르는 소각로에 던져 넣어야 감염의 확산을 막을 수 있습니다.,괴물 사체들을 특정 소각 지점으로 운반,보통,역병의 무게,사체 운반 유닛: 이동 거리 -1칸  매 턴 종료 시 HP -10% 피해 발생. (사체를 내려놓으면 페널티 해제),7,100/ 100/ 100/102/ 102/105/106
8,오염의 역병,Plague of Contamination,res_icon_dooms/icon_doom_PlagueofContamination,부패한 시신 소각,Corpse Incineration,죽음의 행군,전장에 방치된 거대 괴수의 사체들이 역병의 온상이 되고 있습니다. 이 사체들을 수거하여 성스러운 불꽃이 타오르는 소각로에 던져 넣어야 감염의 확산을 막을 수 있습니다.,괴물 사체들을 특정 소각 지점으로 운반,어려움,역병의 무게,사체 운반 유닛: 이동 거리 -1칸  매 턴 종료 시 HP -10% 피해 발생. (사체를 내려놓으면 페널티 해제),9,102/ 102/ 102/105/106/ 106/ 106/107/ 107
9,오염의 역병,Plague of Contamination,res_icon_dooms/icon_doom_PlagueofContamination,의약품 수송,Medical Supplies Transport,안전한 보급로,역병으로 고통받는 전방 요새에 전달할 치료제가 가득 실린 수레가 출발했습니다. 버민킨들은 이 수레를 파괴해 드워프의 저항 의지를 꺾으려 합니다. 요새 정문까지 수레를 무사히 인도하십시오.,치료제를 실은 수레를 목표지점까지 호위,쉬움,수레 보호,수레(Object): 매 턴 시작 시 전방으로 3칸 자동 이동. 공격 기능 없음. 수레 파괴 시: 즉시 [미션 실패] 및 게임 오버.,4,100/ 100/101/ 101
10,오염의 역병,Plague of Contamination,res_icon_dooms/icon_doom_PlagueofContamination,의약품 수송,Medical Supplies Transport,독포자의 매복,역병으로 고통받는 전방 요새에 전달할 치료제가 가득 실린 수레가 출발했습니다. 버민킨들은 이 수레를 파괴해 드워프의 저항 의지를 꺾으려 합니다. 요새 정문까지 수레를 무사히 인도하십시오.,치료제를 실은 수레를 목표지점까지 호위,보통,수레 보호,수레(Object): 매 턴 시작 시 전방으로 3칸 자동 이동. 공격 기능 없음. 수레 파괴 시: 즉시 [미션 실패] 및 게임 오버.,12,100/ 100/ 100/ 100/101/ 101/ 101/102/ 102/ 102/105/106
11,오염의 역병,Plague of Contamination,res_icon_dooms/icon_doom_PlagueofContamination,의약품 수송,Medical Supplies Transport,죽음의 협곡 통과,역병으로 고통받는 전방 요새에 전달할 치료제가 가득 실린 수레가 출발했습니다. 버민킨들은 이 수레를 파괴해 드워프의 저항 의지를 꺾으려 합니다. 요새 정문까지 수레를 무사히 인도하십시오.,치료제를 실은 수레를 목표지점까지 호위,어려움,수레 보호,수레(Object): 매 턴 시작 시 전방으로 3칸 자동 이동. 공격 기능 없음. 수레 파괴 시: 즉시 [미션 실패] 및 게임 오버.,9,102/ 102/ 102/105/ 105/106/ 106/107/ 107
12,오염의 역병,Plague of Contamination,res_icon_dooms/icon_doom_PlagueofContamination,변이된 모체 사냥,Hunt for the Mutated Broodmother,거대 괴수 토벌,역병의 진원지에 거대한 모체 괴수가 자리 잡고 끊임없이 변이된 버민킨들을 뱉어내고 있습니다. 이 모체를 제거하지 않으면 역병은 영원히 끝나지 않을 것입니다. 군단의 모든 화력을 집중하여 근원을 끊어내십시오.,감염의 근원인 거대 변이 괴수 처치,쉬움,역병 산란,산란: 2턴마다 모체의 주변 인접 칸에 '버민 보병' 또는 '독포자 전갈'을 무작위로 1~3마리 소환.  오염 지대: 모체 주변 2칸 내에서 턴을 종료하는 아군은 HP -10% 피해와 함께 1턴간 이동력 -1 페널티.,6,100/ 100/ 100/ 100/101/ 101
13,오염의 역병,Plague of Contamination,res_icon_dooms/icon_doom_PlagueofContamination,변이된 모체 사냥,Hunt for the Mutated Broodmother,역병의 군주,역병의 진원지에 거대한 모체 괴수가 자리 잡고 끊임없이 변이된 버민킨들을 뱉어내고 있습니다. 이 모체를 제거하지 않으면 역병은 영원히 끝나지 않을 것입니다. 군단의 모든 화력을 집중하여 근원을 끊어내십시오.,감염의 근원인 거대 변이 괴수 처치,보통,역병 산란,산란: 2턴마다 모체의 주변 인접 칸에 '버민 보병' 또는 '독포자 전갈'을 무작위로 1~3마리 소환.  오염 지대: 모체 주변 2칸 내에서 턴을 종료하는 아군은 HP -10% 피해와 함께 1턴간 이동력 -1 페널티.,4,102/ 102/105/106
14,오염의 역병,Plague of Contamination,res_icon_dooms/icon_doom_PlagueofContamination,변이된 모체 사냥,Hunt for the Mutated Broodmother,심연의 모체,역병의 진원지에 거대한 모체 괴수가 자리 잡고 끊임없이 변이된 버민킨들을 뱉어내고 있습니다. 이 모체를 제거하지 않으면 역병은 영원히 끝나지 않을 것입니다. 군단의 모든 화력을 집중하여 근원을 끊어내십시오.,감염의 근원인 거대 변이 괴수 처치,어려움,역병 산란,산란: 2턴마다 모체의 주변 인접 칸에 '버민 보병' 또는 '독포자 전갈'을 무작위로 1~3마리 소환.  오염 지대: 모체 주변 2칸 내에서 턴을 종료하는 아군은 HP -10% 피해와 함께 1턴간 이동력 -1 페널티.,8,100/ 100/ 100/105/ 105/106/ 106/107
15,차원석 변이,RiftStone Mutation,res_icon_dooms/icon_doom_RiftStoneMutation,불안정한 균열 폐쇄,Unstable Rift Closure,균열의 틈새,차원석의 폭주로 인해 현실 세계에 거대한 균열이 생겼습니다. 이 균열을 통해 버민킨들이 쏟아져 들어오고 있습니다. 룬 마법으로 균열을 봉인할 때까지 거점을 사수하십시오.,균열이 봉인될 때까지 거점 사수,쉬움,공간 왜곡,전장 효과: 모든 아군 유닛 HIT -15  변수: 3턴마다 무작위 아군 유닛 1명의 위치가 인접한 빈 칸으로 강제 텔레포트.,9,100/ 100/ 100/ 100/ 100/ 100/102/ 102/108
16,차원석 변이,RiftStone Mutation,res_icon_dooms/icon_doom_RiftStoneMutation,불안정한 균열 폐쇄,Unstable Rift Closure,뒤틀린 소환,차원석의 폭주로 인해 현실 세계에 거대한 균열이 생겼습니다. 이 균열을 통해 버민킨들이 쏟아져 들어오고 있습니다. 룬 마법으로 균열을 봉인할 때까지 거점을 사수하십시오.,균열이 봉인될 때까지 거점 사수,보통,공간 왜곡,전장 효과: 모든 아군 유닛 HIT -15  변수: 3턴마다 무작위 아군 유닛 1명의 위치가 인접한 빈 칸으로 강제 텔레포트.,14,100/ 100/ 100/ 100/101/ 101/ 101/102/ 102/ 102/108/ 108/109/110
17,차원석 변이,RiftStone Mutation,res_icon_dooms/icon_doom_RiftStoneMutation,불안정한 균열 폐쇄,Unstable Rift Closure,차원의 폭풍,차원석의 폭주로 인해 현실 세계에 거대한 균열이 생겼습니다. 이 균열을 통해 버민킨들이 쏟아져 들어오고 있습니다. 룬 마법으로 균열을 봉인할 때까지 거점을 사수하십시오.,균열이 봉인될 때까지 거점 사수,어려움,공간 왜곡,전장 효과: 모든 아군 유닛 HIT -15  변수: 3턴마다 무작위 아군 유닛 1명의 위치가 인접한 빈 칸으로 강제 텔레포트.,20,102/ 102/ 102/ 102/ 102/108/ 108/ 108/ 108/ 108/ 108/109/ 109/ 109/ 109/ 109/110/ 110/ 110/ 110
18,차원석 변이,RiftStone Mutation,res_icon_dooms/icon_doom_RiftStoneMutation,변이된 광물 채굴,Mutated Mineral Mining,안전한 채굴 작업,에너지가 폭주하여 보라색으로 빛나는 변이 광물들이 발견되었습니다. 이 광물들은 불안정하지만 드워프의 장비를 공명시키는 귀한 자원입니다. 버민킨들이 몰려오기 전에 필요한 양을 채굴하여 철수하십시오.,폭주하는 원석을 채굴하여 탈출구로 운반,쉬움,마력 공명,채굴: 광물 인접 칸에서 유닛이 행동을 종료하면 채굴 진행도 상승 (2턴 소모 시 완료).  폭주: 광물을 운반 중인 유닛은 3턴마다 발생하는 [공간 왜곡 텔레포트]의 대상 1순위가 됨.,4,100/ 100/101/ 101
19,차원석 변이,RiftStone Mutation,res_icon_dooms/icon_doom_RiftStoneMutation,변이된 광물 채굴,Mutated Mineral Mining,뒤틀린 광맥,에너지가 폭주하여 보라색으로 빛나는 변이 광물들이 발견되었습니다. 이 광물들은 불안정하지만 드워프의 장비를 공명시키는 귀한 자원입니다. 버민킨들이 몰려오기 전에 필요한 양을 채굴하여 철수하십시오.,폭주하는 원석을 채굴하여 탈출구로 운반,보통,마력 공명,채굴: 광물 인접 칸에서 유닛이 행동을 종료하면 채굴 진행도 상승 (2턴 소모 시 완료).  폭주: 광물을 운반 중인 유닛은 3턴마다 발생하는 [공간 왜곡 텔레포트]의 대상 1순위가 됨.,7,100/ 100/102/ 102/ 102/108/109
20,차원석 변이,RiftStone Mutation,res_icon_dooms/icon_doom_RiftStoneMutation,변이된 광물 채굴,Mutated Mineral Mining,폭주하는 광산,에너지가 폭주하여 보라색으로 빛나는 변이 광물들이 발견되었습니다. 이 광물들은 불안정하지만 드워프의 장비를 공명시키는 귀한 자원입니다. 버민킨들이 몰려오기 전에 필요한 양을 채굴하여 철수하십시오.,폭주하는 원석을 채굴하여 탈출구로 운반,어려움,마력 공명,채굴: 광물 인접 칸에서 유닛이 행동을 종료하면 채굴 진행도 상승 (2턴 소모 시 완료).  폭주: 광물을 운반 중인 유닛은 3턴마다 발생하는 [공간 왜곡 텔레포트]의 대상 1순위가 됨.,6,108/ 108/109/ 109/110/ 110
21,차원석 변이,RiftStone Mutation,res_icon_dooms/icon_doom_RiftStoneMutation,허상 추적,Phantom Pursuit,안개 속의 그림자,차원석의 마력으로 인해 자신의 모습을 수십 개로 복제하는 변이된 버민킨 지휘관이 나타났습니다. 가짜들은 공격해도 안개처럼 사라질 뿐입니다. 진짜를 찾아내어 단숨에 숨통을 끊지 않으면 아군의 기운만 빠지게 될 것입니다.,분신들 속에서 진짜 보스를 찾아 타격,쉬움,환영의 안개,허상: 맵에 보스와 외형이 동일한 '허상' 3~7체가 배치됩니다.  소멸: 가짜를 공격하여 적중시킬 경우  해당 허상은 즉시 사라지며 주변 1칸에 HIT -10 연막을 남깁니다.  진짜: 진짜 보스는 허상보다 높은 DEF를 가지고 있으며  공격받을 때 사라지지 않고 반격합니다.,4,100/ 100/ 100/ 100
22,차원석 변이,RiftStone Mutation,res_icon_dooms/icon_doom_RiftStoneMutation,허상 추적,Phantom Pursuit,거울의 방,차원석의 마력으로 인해 자신의 모습을 수십 개로 복제하는 변이된 버민킨 지휘관이 나타났습니다. 가짜들은 공격해도 안개처럼 사라질 뿐입니다. 진짜를 찾아내어 단숨에 숨통을 끊지 않으면 아군의 기운만 빠지게 될 것입니다.,분신들 속에서 진짜 보스를 찾아 타격,보통,환영의 안개,허상: 맵에 보스와 외형이 동일한 '허상' 3~7체가 배치됩니다.  소멸: 가짜를 공격하여 적중시킬 경우  해당 허상은 즉시 사라지며 주변 1칸에 HIT -10 연막을 남깁니다.  진짜: 진짜 보스는 허상보다 높은 DEF를 가지고 있으며  공격받을 때 사라지지 않고 반격합니다.,5,101/ 101/ 101/108/ 108
23,차원석 변이,RiftStone Mutation,res_icon_dooms/icon_doom_RiftStoneMutation,허상 추적,Phantom Pursuit,무한한 환각,차원석의 마력으로 인해 자신의 모습을 수십 개로 복제하는 변이된 버민킨 지휘관이 나타났습니다. 가짜들은 공격해도 안개처럼 사라질 뿐입니다. 진짜를 찾아내어 단숨에 숨통을 끊지 않으면 아군의 기운만 빠지게 될 것입니다.,분신들 속에서 진짜 보스를 찾아 타격,어려움,환영의 안개,허상: 맵에 보스와 외형이 동일한 '허상' 3~7체가 배치됩니다.  소멸: 가짜를 공격하여 적중시킬 경우  해당 허상은 즉시 사라지며 주변 1칸에 HIT -10 연막을 남깁니다.  진짜: 진짜 보스는 허상보다 높은 DEF를 가지고 있으며  공격받을 때 사라지지 않고 반격합니다.,2,110/ 110
24,차원석 변이,RiftStone Mutation,res_icon_dooms/icon_doom_RiftStoneMutation,룬 비석 재가동,Rune Obelisk Reactivation,잃어버린 조각들,차원석의 폭주로 인해 마을을 지키던 고대 룬 비석이 조각나 흩어졌습니다. 이 조각들을 다시 모아 비석을 가동하지 않으면  이 구역은 영원히 뒤틀린 차원 속에 갇히게 될 것입니다. 조각을 모아 결계를 복구하십시오.,흩어진 룬 조각을 모아 결계 장치 수리,쉬움,불안정한 룬,수집: 유닛이 조각 위에 올라가면 자동 획득. 한 유닛당 최대 2개 소지 가능.  주입: 중앙 비석 인접 칸에서 턴 종료 시 소지한 조각 주입 (주입된 조각 수에 따라 결계 강화).  결계: 주입된 조각이 많을수록 맵 전체의 [공간 왜곡] 페널티(HIT 감소)가 소폭 완화됨.,4,100/ 100/101/ 101
25,차원석 변이,RiftStone Mutation,res_icon_dooms/icon_doom_RiftStoneMutation,룬 비석 재가동,Rune Obelisk Reactivation,흐려지는 마력,차원석의 폭주로 인해 마을을 지키던 고대 룬 비석이 조각나 흩어졌습니다. 이 조각들을 다시 모아 비석을 가동하지 않으면  이 구역은 영원히 뒤틀린 차원 속에 갇히게 될 것입니다. 조각을 모아 결계를 복구하십시오.,흩어진 룬 조각을 모아 결계 장치 수리,보통,불안정한 룬,수집: 유닛이 조각 위에 올라가면 자동 획득. 한 유닛당 최대 2개 소지 가능.  주입: 중앙 비석 인접 칸에서 턴 종료 시 소지한 조각 주입 (주입된 조각 수에 따라 결계 강화).  결계: 주입된 조각이 많을수록 맵 전체의 [공간 왜곡] 페널티(HIT 감소)가 소폭 완화됨.,5,102/ 102/ 102/108/109
26,차원석 변이,RiftStone Mutation,res_icon_dooms/icon_doom_RiftStoneMutation,룬 비석 재가동,Rune Obelisk Reactivation,무너지는 결계,차원석의 폭주로 인해 마을을 지키던 고대 룬 비석이 조각나 흩어졌습니다. 이 조각들을 다시 모아 비석을 가동하지 않으면  이 구역은 영원히 뒤틀린 차원 속에 갇히게 될 것입니다. 조각을 모아 결계를 복구하십시오.,흩어진 룬 조각을 모아 결계 장치 수리,어려움,불안정한 룬,수집: 유닛이 조각 위에 올라가면 자동 획득. 한 유닛당 최대 2개 소지 가능.  주입: 중앙 비석 인접 칸에서 턴 종료 시 소지한 조각 주입 (주입된 조각 수에 따라 결계 강화).  결계: 주입된 조각이 많을수록 맵 전체의 [공간 왜곡] 페널티(HIT 감소)가 소폭 완화됨.,6,104/108/ 108/109/110/ 110
27,차원석 변이,RiftStone Mutation,res_icon_dooms/icon_doom_RiftStoneMutation,공간 도약자 추격,Space-Leaper Chase,도망자 추격,차원석의 힘을 완전히 흡수하여 자유자재로 공간을 도약하는 버민킨 암살 대장이 나타났습니다. 그는 우리 군단의 진형을 헤집고 다니며 조롱하듯 도망치고 있습니다. 그가 더 큰 균열을 만들기 전에 구석으로 몰아넣어 처단하십시오!,텔레포트하는 적 지휘관 포위 및 섬멸,쉬움,도약자의 발걸음,도약: 보스 '공간 도약자'는 매 2턴 종료 시  자신과 가장 먼 아군 유닛의 근처로 텔레포트합니다.  불안정한 잔상: 보스가 이동한 자리에는 1턴간 유지되는 [중력 역전] 타일이 생기며  그 위에 서 있는 아군은 다음 턴에 이동력이 0이 됩니다.,6,100/ 100/ 100/ 100/101/ 101
28,차원석 변이,RiftStone Mutation,res_icon_dooms/icon_doom_RiftStoneMutation,공간 도약자 추격,Space-Leaper Chase,보이지 않는 암살자,차원석의 힘을 완전히 흡수하여 자유자재로 공간을 도약하는 버민킨 암살 대장이 나타났습니다. 그는 우리 군단의 진형을 헤집고 다니며 조롱하듯 도망치고 있습니다. 그가 더 큰 균열을 만들기 전에 구석으로 몰아넣어 처단하십시오!,텔레포트하는 적 지휘관 포위 및 섬멸,보통,도약자의 발걸음,도약: 보스 '공간 도약자'는 매 2턴 종료 시  자신과 가장 먼 아군 유닛의 근처로 텔레포트합니다.  불안정한 잔상: 보스가 이동한 자리에는 1턴간 유지되는 [중력 역전] 타일이 생기며  그 위에 서 있는 아군은 다음 턴에 이동력이 0이 됩니다.,6,102/ 102/ 102/108/ 108/109
29,차원석 변이,RiftStone Mutation,res_icon_dooms/icon_doom_RiftStoneMutation,공간 도약자 추격,Space-Leaper Chase,차원의 지배자,차원석의 힘을 완전히 흡수하여 자유자재로 공간을 도약하는 버민킨 암살 대장이 나타났습니다. 그는 우리 군단의 진형을 헤집고 다니며 조롱하듯 도망치고 있습니다. 그가 더 큰 균열을 만들기 전에 구석으로 몰아넣어 처단하십시오!,텔레포트하는 적 지휘관 포위 및 섬멸,어려움,도약자의 발걸음,도약: 보스 '공간 도약자'는 매 2턴 종료 시  자신과 가장 먼 아군 유닛의 근처로 텔레포트합니다.  불안정한 잔상: 보스가 이동한 자리에는 1턴간 유지되는 [중력 역전] 타일이 생기며  그 위에 서 있는 아군은 다음 턴에 이동력이 0이 됩니다.,6,106/ 106/109/ 109/110/ 110
30,지하 터널,Subterranean Tunnels,res_icon_dooms/icon_doom_SubterraneanTunnels,암흑 구역 탐사,Dark Zone Exploration,희미한 등불,작전 배경: 버민킨들이 점거한 오래된 폐광 깊숙한 곳으로 들어가야 합니다. 등불 카트의 빛이 닿지 않는 곳에는 무엇이 도사리고 있을지 모릅니다. 카트를 밀며 안전하게 출구까지 도달하십시오.,등불 카트와 함께 어둠을 뚫고 출구 도달,쉬움,심연의 어둠,전장 효과: 모든 유닛의 기본 시야 -2칸. 시야 밖의 적은 타겟팅 불가(원거리 공격 불가).  기습 위험: 어둠 속에서 공격받을 경우  피격 아군 유닛은 1턴간 DEF -15% (기습 판정).,6,100/ 100/ 100/ 100/101/ 101
31,지하 터널,Subterranean Tunnels,res_icon_dooms/icon_doom_SubterraneanTunnels,암흑 구역 탐사,Dark Zone Exploration,벽 너머의 그림자,작전 배경: 버민킨들이 점거한 오래된 폐광 깊숙한 곳으로 들어가야 합니다. 등불 카트의 빛이 닿지 않는 곳에는 무엇이 도사리고 있을지 모릅니다. 카트를 밀며 안전하게 출구까지 도달하십시오.,등불 카트와 함께 어둠을 뚫고 출구 도달,보통,심연의 어둠,전장 효과: 모든 유닛의 기본 시야 -2칸. 시야 밖의 적은 타겟팅 불가(원거리 공격 불가).  기습 위험: 어둠 속에서 공격받을 경우  피격 아군 유닛은 1턴간 DEF -15% (기습 판정).,9,100/ 100/ 100/ 100/ 100/ 100/111/ 111/112
32,지하 터널,Subterranean Tunnels,res_icon_dooms/icon_doom_SubterraneanTunnels,암흑 구역 탐사,Dark Zone Exploration,삼켜진 불빛,작전 배경: 버민킨들이 점거한 오래된 폐광 깊숙한 곳으로 들어가야 합니다. 등불 카트의 빛이 닿지 않는 곳에는 무엇이 도사리고 있을지 모릅니다. 카트를 밀며 안전하게 출구까지 도달하십시오.,등불 카트와 함께 어둠을 뚫고 출구 도달,어려움,심연의 어둠,전장 효과: 모든 유닛의 기본 시야 -2칸. 시야 밖의 적은 타겟팅 불가(원거리 공격 불가).  기습 위험: 어둠 속에서 공격받을 경우  피격 아군 유닛은 1턴간 DEF -15% (기습 판정).,7,104/111/ 111/112/ 112/113/ 113
33,지하 터널,Subterranean Tunnels,res_icon_dooms/icon_doom_SubterraneanTunnels,무너진 낙반 제거,Clearing the Collapsed Rockfall,길을 여는 망치,갑작스러운 진동으로 터널이 무너져 내렸습니다. 채굴팀 일부가 바위 너머에 갇혔고  어둠 속에서 버민킨들의 울음소리가 들려옵니다. 적들이 고립된 동료들을 덮치기 전에 낙반을 부수고 길을 여십시오!,길을 막은 바위더미 파괴 및 아군 구조,쉬움,울리는 진동,낙반 파괴: 낙반은 높은 HP를 가진 오브젝트입니다. 타격 시 발생하는 소음으로 인해 2턴마다 어둠 속에서 적 [터널 기습병] 1마리가 무작위 위치에서 증원됩니다.  고립된 동료: 바위 너머에는 NPC 드워프들이 있으며  이들의 HP가 0이 되면 **[미션 실패]**입니다.,5,100/ 100/ 100/101/ 101
34,지하 터널,Subterranean Tunnels,res_icon_dooms/icon_doom_SubterraneanTunnels,무너진 낙반 제거,Clearing the Collapsed Rockfall,어둠 속의 매복,갑작스러운 진동으로 터널이 무너져 내렸습니다. 채굴팀 일부가 바위 너머에 갇혔고  어둠 속에서 버민킨들의 울음소리가 들려옵니다. 적들이 고립된 동료들을 덮치기 전에 낙반을 부수고 길을 여십시오!,길을 막은 바위더미 파괴 및 아군 구조,보통,울리는 진동,낙반 파괴: 낙반은 높은 HP를 가진 오브젝트입니다. 타격 시 발생하는 소음으로 인해 2턴마다 어둠 속에서 적 [터널 기습병] 1마리가 무작위 위치에서 증원됩니다.  고립된 동료: 바위 너머에는 NPC 드워프들이 있으며  이들의 HP가 0이 되면 **[미션 실패]**입니다.,6,102/ 102/ 102/111/ 111/112
35,지하 터널,Subterranean Tunnels,res_icon_dooms/icon_doom_SubterraneanTunnels,무너진 낙반 제거,Clearing the Collapsed Rockfall,무너지는 심연,갑작스러운 진동으로 터널이 무너져 내렸습니다. 채굴팀 일부가 바위 너머에 갇혔고  어둠 속에서 버민킨들의 울음소리가 들려옵니다. 적들이 고립된 동료들을 덮치기 전에 낙반을 부수고 길을 여십시오!,길을 막은 바위더미 파괴 및 아군 구조,어려움,울리는 진동,낙반 파괴: 낙반은 높은 HP를 가진 오브젝트입니다. 타격 시 발생하는 소음으로 인해 2턴마다 어둠 속에서 적 [터널 기습병] 1마리가 무작위 위치에서 증원됩니다.  고립된 동료: 바위 너머에는 NPC 드워프들이 있으며  이들의 HP가 0이 되면 **[미션 실패]**입니다.,8,104/111/ 111/ 111/112/ 112/113/ 113
36,지하 터널,Subterranean Tunnels,res_icon_dooms/icon_doom_SubterraneanTunnels,환기구 확보,Ventilation Secure,공기 정화 작업,작전 배경: 버민킨들이 하수구에 독성 폐기물을 풀어 유독 가스가 터널로 차오르고 있습니다. 가스가 치사량에 도달하기 전에 구역 곳곳의 환기 장치를 점령하고 가동해야 합니다. [심연의 어둠] 속에서 가스보다 먼저 다가오는 적들을 경계하십시오.,가스가 차오르기 전 환기 장치 점령,쉬움,유독 가스 차오름,가스 수치: 매 턴 종료 시 '가스 농도'가 10%씩 상승합니다. (100% 도달 시 전멸/패배)  환기 장치: 맵에 배치된 환기 장치 점령 시 가스 농도가 30% 감소하며  해당 턴 동안 상승이 멈춥니다.,4,100/ 100/101/ 101
37,지하 터널,Subterranean Tunnels,res_icon_dooms/icon_doom_SubterraneanTunnels,환기구 확보,Ventilation Secure,질식하는 어둠,작전 배경: 버민킨들이 하수구에 독성 폐기물을 풀어 유독 가스가 터널로 차오르고 있습니다. 가스가 치사량에 도달하기 전에 구역 곳곳의 환기 장치를 점령하고 가동해야 합니다. [심연의 어둠] 속에서 가스보다 먼저 다가오는 적들을 경계하십시오.,가스가 차오르기 전 환기 장치 점령,보통,유독 가스 차오름,가스 수치: 매 턴 종료 시 '가스 농도'가 10%씩 상승합니다. (100% 도달 시 전멸/패배)  환기 장치: 맵에 배치된 환기 장치 점령 시 가스 농도가 30% 감소하며  해당 턴 동안 상승이 멈춥니다.,6,102/ 102/ 102/111/112/ 112
38,지하 터널,Subterranean Tunnels,res_icon_dooms/icon_doom_SubterraneanTunnels,환기구 확보,Ventilation Secure,폐쇄된 가스실,작전 배경: 버민킨들이 하수구에 독성 폐기물을 풀어 유독 가스가 터널로 차오르고 있습니다. 가스가 치사량에 도달하기 전에 구역 곳곳의 환기 장치를 점령하고 가동해야 합니다. [심연의 어둠] 속에서 가스보다 먼저 다가오는 적들을 경계하십시오.,가스가 차오르기 전 환기 장치 점령,어려움,유독 가스 차오름,가스 수치: 매 턴 종료 시 '가스 농도'가 10%씩 상승합니다. (100% 도달 시 전멸/패배)  환기 장치: 맵에 배치된 환기 장치 점령 시 가스 농도가 30% 감소하며  해당 턴 동안 상승이 멈춥니다.,7,104/111/ 111/112/ 112/113/ 113
39,지하 터널,Subterranean Tunnels,res_icon_dooms/icon_doom_SubterraneanTunnels,매복 조 제거,Ambush Squad Elimination,어둠 속의 칼날,작전 배경: 보급로로 통하는 좁은 터널 구간에 버민킨 정예 매복조들이 숨어들었습니다. 이들을 모두 소탕하지 않으면 뒤따라올 보급 부대가 전멸할 것입니다. 어둠 속에 숨은 살벌한 칼날들을 먼저 찾아내어 제거하십시오.,골목에 숨은 적의 기습을 물리치며 전진,쉬움,[미션 특수 기믹: 살의의 감각],완전 매복: 맵 곳곳의 특정 어둠 타일에 적들이 [은신] 상태로 대기합니다. (시야에 들어오기 전까지 미노출)  선제 타격: 은신 중인 적에게 인접할 경우  적이 먼저 1회 공격(기습 판정)을 가한 뒤 전투가 시작됩니다.,4,100/ 100/101/ 101
40,지하 터널,Subterranean Tunnels,res_icon_dooms/icon_doom_SubterraneanTunnels,매복 조 제거,Ambush Squad Elimination,보이지 않는 죽음,작전 배경: 보급로로 통하는 좁은 터널 구간에 버민킨 정예 매복조들이 숨어들었습니다. 이들을 모두 소탕하지 않으면 뒤따라올 보급 부대가 전멸할 것입니다. 어둠 속에 숨은 살벌한 칼날들을 먼저 찾아내어 제거하십시오.,골목에 숨은 적의 기습을 물리치며 전진,보통,[미션 특수 기믹: 살의의 감각],완전 매복: 맵 곳곳의 특정 어둠 타일에 적들이 [은신] 상태로 대기합니다. (시야에 들어오기 전까지 미노출)  선제 타격: 은신 중인 적에게 인접할 경우  적이 먼저 1회 공격(기습 판정)을 가한 뒤 전투가 시작됩니다.,5,100/ 100/111/112/ 112
41,지하 터널,Subterranean Tunnels,res_icon_dooms/icon_doom_SubterraneanTunnels,매복 조 제거,Ambush Squad Elimination,심연의 포위망,작전 배경: 보급로로 통하는 좁은 터널 구간에 버민킨 정예 매복조들이 숨어들었습니다. 이들을 모두 소탕하지 않으면 뒤따라올 보급 부대가 전멸할 것입니다. 어둠 속에 숨은 살벌한 칼날들을 먼저 찾아내어 제거하십시오.,골목에 숨은 적의 기습을 물리치며 전진,어려움,[미션 특수 기믹: 살의의 감각],완전 매복: 맵 곳곳의 특정 어둠 타일에 적들이 [은신] 상태로 대기합니다. (시야에 들어오기 전까지 미노출)  선제 타격: 은신 중인 적에게 인접할 경우  적이 먼저 1회 공격(기습 판정)을 가한 뒤 전투가 시작됩니다.,4,104/111/ 111/113
42,지하 터널,Subterranean Tunnels,res_icon_dooms/icon_doom_SubterraneanTunnels,지하 보급로 개척,Underground Supply Route Opening,끊긴 길 복구,작전 배경: 아군 요새와 전방 초소를 잇는 최단 경로가 버민킨들에게 점령당했습니다. 이 통로를 되찾지 못하면 보급이 끊겨 군단 전체가 굶주리게 됩니다. 양쪽 거점을 탈환하고 통로를 가로막는 버민킨들을 소탕하십시오.,적진을 돌파하여 두 거점 사이의 길 확보,쉬움,[미션 특수 기믹: 보급선 유지],연결 점령: 거점 A와 B를 모두 점령해야 미션이 종료됩니다. (한 곳만 점령 시 적의 재탈취 시도 발생)  어둠의 공포: 거점 사이의 통로는 빛이 전혀 없는 암흑 지대로  이곳에서 턴을 종료하는 유닛은 다음 턴 AP -1 페널티를 받습니다.,5,100/ 100/ 100/ 100/101
43,지하 터널,Subterranean Tunnels,res_icon_dooms/icon_doom_SubterraneanTunnels,지하 보급로 개척,Underground Supply Route Opening,그림자 보급로,작전 배경: 아군 요새와 전방 초소를 잇는 최단 경로가 버민킨들에게 점령당했습니다. 이 통로를 되찾지 못하면 보급이 끊겨 군단 전체가 굶주리게 됩니다. 양쪽 거점을 탈환하고 통로를 가로막는 버민킨들을 소탕하십시오.,적진을 돌파하여 두 거점 사이의 길 확보,보통,[미션 특수 기믹: 보급선 유지],연결 점령: 거점 A와 B를 모두 점령해야 미션이 종료됩니다. (한 곳만 점령 시 적의 재탈취 시도 발생)  어둠의 공포: 거점 사이의 통로는 빛이 전혀 없는 암흑 지대로  이곳에서 턴을 종료하는 유닛은 다음 턴 AP -1 페널티를 받습니다.,9,100/ 100/ 100/102/ 102/ 102/111/112/ 112
44,지하 터널,Subterranean Tunnels,res_icon_dooms/icon_doom_SubterraneanTunnels,지하 보급로 개척,Underground Supply Route Opening,심연의 대동맥,작전 배경: 아군 요새와 전방 초소를 잇는 최단 경로가 버민킨들에게 점령당했습니다. 이 통로를 되찾지 못하면 보급이 끊겨 군단 전체가 굶주리게 됩니다. 양쪽 거점을 탈환하고 통로를 가로막는 버민킨들을 소탕하십시오.,적진을 돌파하여 두 거점 사이의 길 확보,어려움,[미션 특수 기믹: 보급선 유지],연결 점령: 거점 A와 B를 모두 점령해야 미션이 종료됩니다. (한 곳만 점령 시 적의 재탈취 시도 발생)  어둠의 공포: 거점 사이의 통로는 빛이 전혀 없는 암흑 지대로  이곳에서 턴을 종료하는 유닛은 다음 턴 AP -1 페널티를 받습니다.,7,104/111/ 111/112/ 112/113/ 113
45,영혼 수확,Soul Harvest,res_icon_dooms/icon_doom_SoulHarvest,영혼 단지 파괴,Destruction of Soul Jars,부서지는 결계,작전 배경: 버민킨 사술사들이 드워프들의 생명력을 빨아들여 저장하는 '영혼 단지'를 배치했습니다. 이 단지들이 가득 차면 적들은 불사신이나 다름없게 됩니다. 단지들이 에너지를 모두 방출하기 전에 찾아내어 박살 내십시오.,적의 회복 수단인 마법 단지들 전멸,쉬움,영혼의 갈취,전장 효과: 모든 아군 유닛 회복 효율 -30% (포션  스킬 포함).  갈취: 4턴마다 무작위 아군 유닛 1명의 **현재 HP 15%**를 빼앗아  가장 체력이 낮은 적 유닛을 회복시킴.,4,100/ 100/101/ 101
46,영혼 수확,Soul Harvest,res_icon_dooms/icon_doom_SoulHarvest,영혼 단지 파괴,Destruction of Soul Jars,생명의 갈증,작전 배경: 버민킨 사술사들이 드워프들의 생명력을 빨아들여 저장하는 '영혼 단지'를 배치했습니다. 이 단지들이 가득 차면 적들은 불사신이나 다름없게 됩니다. 단지들이 에너지를 모두 방출하기 전에 찾아내어 박살 내십시오.,적의 회복 수단인 마법 단지들 전멸,보통,영혼의 갈취,전장 효과: 모든 아군 유닛 회복 효율 -30% (포션  스킬 포함).  갈취: 4턴마다 무작위 아군 유닛 1명의 **현재 HP 15%**를 빼앗아  가장 체력이 낮은 적 유닛을 회복시킴.,4,100/ 100/114/115
47,영혼 수확,Soul Harvest,res_icon_dooms/icon_doom_SoulHarvest,영혼 단지 파괴,Destruction of Soul Jars,망령의 요새,작전 배경: 버민킨 사술사들이 드워프들의 생명력을 빨아들여 저장하는 '영혼 단지'를 배치했습니다. 이 단지들이 가득 차면 적들은 불사신이나 다름없게 됩니다. 단지들이 에너지를 모두 방출하기 전에 찾아내어 박살 내십시오.,적의 회복 수단인 마법 단지들 전멸,어려움,영혼의 갈취,전장 효과: 모든 아군 유닛 회복 효율 -30% (포션  스킬 포함).  갈취: 4턴마다 무작위 아군 유닛 1명의 **현재 HP 15%**를 빼앗아  가장 체력이 낮은 적 유닛을 회복시킴.,5,114/ 114/115/116/ 116
48,영혼 수확,Soul Harvest,res_icon_dooms/icon_doom_SoulHarvest,제물 구출,Rescue the Sacrifices,사로잡힌 형제들,작전 배경: 버민킨 사술사들이 사악한 의식을 위해 우리 동료들을 제단에 제물로 바치려 합니다. 의식의 제단이 영혼을 완전히 빨아들이기 전에 결박을 풀고 그들을 안전한 곳으로 대피시키십시오!,의식에 바쳐지기 전 포로들을 구출/탈출,쉬움,의식의 카운트다운,결박 해제: 포로 인접 칸에서 행동 종료 시 구출 완료. 구출된 포로는 유닛처럼 조종 가능하지만 전투 불가.  영혼 소진: 구출되지 않은 포로는 3턴마다 **최대 HP의 20%**를 상실함. (HP 0이 되면 미션 실패),4,100/ 100/101/ 101
49,영혼 수확,Soul Harvest,res_icon_dooms/icon_doom_SoulHarvest,제물 구출,Rescue the Sacrifices,피의 제단,작전 배경: 버민킨 사술사들이 사악한 의식을 위해 우리 동료들을 제단에 제물로 바치려 합니다. 의식의 제단이 영혼을 완전히 빨아들이기 전에 결박을 풀고 그들을 안전한 곳으로 대피시키십시오!,의식에 바쳐지기 전 포로들을 구출/탈출,보통,의식의 카운트다운,결박 해제: 포로 인접 칸에서 행동 종료 시 구출 완료. 구출된 포로는 유닛처럼 조종 가능하지만 전투 불가.  영혼 소진: 구출되지 않은 포로는 3턴마다 **최대 HP의 20%**를 상실함. (HP 0이 되면 미션 실패),6,102/ 102/ 102/114/115/ 115
50,영혼 수확,Soul Harvest,res_icon_dooms/icon_doom_SoulHarvest,제물 구출,Rescue the Sacrifices,영혼의 도살장,작전 배경: 버민킨 사술사들이 사악한 의식을 위해 우리 동료들을 제단에 제물로 바치려 합니다. 의식의 제단이 영혼을 완전히 빨아들이기 전에 결박을 풀고 그들을 안전한 곳으로 대피시키십시오!,의식에 바쳐지기 전 포로들을 구출/탈출,어려움,의식의 카운트다운,결박 해제: 포로 인접 칸에서 행동 종료 시 구출 완료. 구출된 포로는 유닛처럼 조종 가능하지만 전투 불가.  영혼 소진: 구출되지 않은 포로는 3턴마다 **최대 HP의 20%**를 상실함. (HP 0이 되면 미션 실패),7,114/ 114/115/ 115/ 115/116/ 116
51,영혼 수확,Soul Harvest,res_icon_dooms/icon_doom_SoulHarvest,망령의 제단 봉인,Sealing the Wraith Altar,희미해지는 불꽃,작전 배경: 버민킨들이 전사한 드워프들의 영혼을 묶어두는 불경한 제단을 가동했습니다. 이 제단 주변의 적들은 죽여도 다시 일어서며 우리 군단을 지치게 만듭니다. 제단 주위에 서서 신성한 룬으로 그 기운을 봉인하십시오!,적의 강화를 유도하는 제단 점령 및 정화,쉬움,망령의 숨결,봉인: 제단 주변 1칸 범위 내에 아군 유닛이 위치할 때마다 '봉인 게이지'가 상승합니다. (다수 배치 시 가속)  망령의 가호: 제단 영향권 내의 적들은 매 턴 최대 HP의 10%를 회복하며  사망 시 30% 확률로 즉시 부활합니다.,6,100/ 100/ 100/ 100/101/ 101
52,영혼 수확,Soul Harvest,res_icon_dooms/icon_doom_SoulHarvest,망령의 제단 봉인,Sealing the Wraith Altar,저주받은 대지,작전 배경: 버민킨들이 전사한 드워프들의 영혼을 묶어두는 불경한 제단을 가동했습니다. 이 제단 주변의 적들은 죽여도 다시 일어서며 우리 군단을 지치게 만듭니다. 제단 주위에 서서 신성한 룬으로 그 기운을 봉인하십시오!,적의 강화를 유도하는 제단 점령 및 정화,보통,망령의 숨결,봉인: 제단 주변 1칸 범위 내에 아군 유닛이 위치할 때마다 '봉인 게이지'가 상승합니다. (다수 배치 시 가속)  망령의 가호: 제단 영향권 내의 적들은 매 턴 최대 HP의 10%를 회복하며  사망 시 30% 확률로 즉시 부활합니다.,9,100/ 100/ 100/102/ 102/ 102/114/115/ 115
53,영혼 수확,Soul Harvest,res_icon_dooms/icon_doom_SoulHarvest,망령의 제단 봉인,Sealing the Wraith Altar,망령의 대성전,작전 배경: 버민킨들이 전사한 드워프들의 영혼을 묶어두는 불경한 제단을 가동했습니다. 이 제단 주변의 적들은 죽여도 다시 일어서며 우리 군단을 지치게 만듭니다. 제단 주위에 서서 신성한 룬으로 그 기운을 봉인하십시오!,적의 강화를 유도하는 제단 점령 및 정화,어려움,망령의 숨결,봉인: 제단 주변 1칸 범위 내에 아군 유닛이 위치할 때마다 '봉인 게이지'가 상승합니다. (다수 배치 시 가속)  망령의 가호: 제단 영향권 내의 적들은 매 턴 최대 HP의 10%를 회복하며  사망 시 30% 확률로 즉시 부활합니다.,9,100/ 100/ 100/114/115/ 115/ 115/116/ 116
54,영혼 수확,Soul Harvest,res_icon_dooms/icon_doom_SoulHarvest,불사 군단 저지,Eradication of the Wraith Legion,되살아난 자들,작전 배경: 사술사의 마법으로 죽음에서 깨어난 망령 군단이 우리 본진을 향해 진격하고 있습니다. 이들은 공포를 먹고 자라며  쓰러뜨려도 다시 일어나는 끈질긴 생명력을 가졌습니다. 이들의 진격을 늦추고 군단을 완전히 소탕하십시오.,부활하는 좀비 군단을 일정 횟수 격퇴,쉬움,공포의 확산,공포: 아군 유닛이 적 '망령' 계열 유닛(영혼 갈취자  망령 기사 등)에게 인접한 상태로 턴을 종료하면 1턴간 ATK -15% (중첩 가능).  불사의 군단: 모든 적 유닛은 사망 시 20% 확률로 HP 1 상태로 부활하며  1턴간 무적 상태가 됨.,12,100/ 100/ 100/ 100/ 100/ 100/ 100/ 100/101/ 101/ 101/ 101
55,영혼 수확,Soul Harvest,res_icon_dooms/icon_doom_SoulHarvest,불사 군단 저지,Eradication of the Wraith Legion,공포의 진격,작전 배경: 사술사의 마법으로 죽음에서 깨어난 망령 군단이 우리 본진을 향해 진격하고 있습니다. 이들은 공포를 먹고 자라며  쓰러뜨려도 다시 일어나는 끈질긴 생명력을 가졌습니다. 이들의 진격을 늦추고 군단을 완전히 소탕하십시오.,부활하는 좀비 군단을 일정 횟수 격퇴,보통,공포의 확산,공포: 아군 유닛이 적 '망령' 계열 유닛(영혼 갈취자  망령 기사 등)에게 인접한 상태로 턴을 종료하면 1턴간 ATK -15% (중첩 가능).  불사의 군단: 모든 적 유닛은 사망 시 20% 확률로 HP 1 상태로 부활하며  1턴간 무적 상태가 됨.,11,102/ 102/ 102/ 102/ 102/ 102/114/ 114/ 114/115/ 115
56,영혼 수확,Soul Harvest,res_icon_dooms/icon_doom_SoulHarvest,불사 군단 저지,Eradication of the Wraith Legion,망령의 대성전,작전 배경: 사술사의 마법으로 죽음에서 깨어난 망령 군단이 우리 본진을 향해 진격하고 있습니다. 이들은 공포를 먹고 자라며  쓰러뜨려도 다시 일어나는 끈질긴 생명력을 가졌습니다. 이들의 진격을 늦추고 군단을 완전히 소탕하십시오.,부활하는 좀비 군단을 일정 횟수 격퇴,어려움,공포의 확산,공포: 아군 유닛이 적 '망령' 계열 유닛(영혼 갈취자  망령 기사 등)에게 인접한 상태로 턴을 종료하면 1턴간 ATK -15% (중첩 가능).  불사의 군단: 모든 적 유닛은 사망 시 20% 확률로 HP 1 상태로 부활하며  1턴간 무적 상태가 됨.,11,104/114/ 114/ 114/ 114/115/ 115/ 115/116/ 116/ 116
57,영혼 수확,Soul Harvest,res_icon_dooms/icon_doom_SoulHarvest,수확자 처단,Execution of the Reaper,죽음의 사신,영혼 수확의 근원이자 모든 망령을 부리는 '영혼 수확자'가 모습을 드러냈습니다. 그는 아군의 생명력을 직접 추출하여 자신의 힘으로 전환합니다. 수확자의 낫이 우리 군단의 영혼을 모두 거두어가기 전에 그를 처단하십시오.,유닛을 즉사시키려는 영혼 수확자 제거,쉬움,[특수 보스 기믹: 영혼 추출],추출: 3턴마다 모든 아군 유닛의 **현재 HP 10%**를 강제로 흡수하여 자신의 보호막(Shield)으로 전환.  죽음의 표식: 보스에게 공격받은 유닛은 2턴간 회복 불가 상태가 됨.,7,100/ 100/ 100/ 100/101/ 101/117
58,영혼 수확,Soul Harvest,res_icon_dooms/icon_doom_SoulHarvest,수확자 처단,Execution of the Reaper,공포의 수확자,영혼 수확의 근원이자 모든 망령을 부리는 '영혼 수확자'가 모습을 드러냈습니다. 그는 아군의 생명력을 직접 추출하여 자신의 힘으로 전환합니다. 수확자의 낫이 우리 군단의 영혼을 모두 거두어가기 전에 그를 처단하십시오.,유닛을 즉사시키려는 영혼 수확자 제거,보통,[특수 보스 기믹: 영혼 추출],추출: 3턴마다 모든 아군 유닛의 **현재 HP 10%**를 강제로 흡수하여 자신의 보호막(Shield)으로 전환.  죽음의 표식: 보스에게 공격받은 유닛은 2턴간 회복 불가 상태가 됨.,11,102/ 102/ 102/ 102/ 102/ 102/114/ 114/115/ 115/ 115
59,영혼 수확,Soul Harvest,res_icon_dooms/icon_doom_SoulHarvest,수확자 처단,Execution of the Reaper,불멸의 영혼 수확자,영혼 수확의 근원이자 모든 망령을 부리는 '영혼 수확자'가 모습을 드러냈습니다. 그는 아군의 생명력을 직접 추출하여 자신의 힘으로 전환합니다. 수확자의 낫이 우리 군단의 영혼을 모두 거두어가기 전에 그를 처단하십시오.,유닛을 즉사시키려는 영혼 수확자 제거,어려움,[특수 보스 기믹: 영혼 추출],추출: 3턴마다 모든 아군 유닛의 **현재 HP 10%**를 강제로 흡수하여 자신의 보호막(Shield)으로 전환.  죽음의 표식: 보스에게 공격받은 유닛은 2턴간 회복 불가 상태가 됨.,17,104/ 104/ 104/ 104/ 104/ 104/ 104/114/ 114/ 114/ 114/115/ 115/ 115/ 115/116/ 116
60,재앙의 톱니바퀴,Gears of Calamity,res_icon_dooms/icon_doom_GearsofCalamity,폭주하는 증기 밸브,Overloading Steam Valves,증기 조절,작전 배경: 버민킨의 기계 구역 중앙 엔진이 폭주하며 고압의 증기를 내뿜고 있습니다. 이 증기는 드워프 장갑의 결합부를 약하게 만듭니다. 엔진이 과부하로 폭발하기 전에 맵 곳곳의 밸브를 수동으로 조작하여 압력을 낮추십시오.,과열된 밸브들을 순서대로 조작하여 냉각,쉬움,고압 증기 분출,[공통 환경 기믹: 금속 부식]  전장 효과: 3턴마다 모든 아군 유닛 DEF -10% (최대 5회 중첩).  과열: 아군 유닛이 스킬을 사용할 때마다 해당 유닛은 다음 턴 이동력 -1 페널티를 받습니다.  밸브 조작: 밸브 인접 칸에서 행동 종료 시 조작 완료 (1턴 소모).  증기 피해: 2턴마다 밸브 주변 1칸에 뜨거운 증기가 분출되어 HP -15% 피해와 함께 1턴간 DEF -20% 페널티를 부여합니다.  공통 기믹: [금속 부식] 및 [과열] 적용.,8,100/ 100/ 100/ 100/101/ 101/ 101/ 101
61,재앙의 톱니바퀴,Gears of Calamity,res_icon_dooms/icon_doom_GearsofCalamity,폭주하는 증기 밸브,Overloading Steam Valves,압력의 공포,작전 배경: 버민킨의 기계 구역 중앙 엔진이 폭주하며 고압의 증기를 내뿜고 있습니다. 이 증기는 드워프 장갑의 결합부를 약하게 만듭니다. 엔진이 과부하로 폭발하기 전에 맵 곳곳의 밸브를 수동으로 조작하여 압력을 낮추십시오.,과열된 밸브들을 순서대로 조작하여 냉각,보통,고압 증기 분출,[공통 환경 기믹: 금속 부식]  전장 효과: 3턴마다 모든 아군 유닛 DEF -10% (최대 5회 중첩).  과열: 아군 유닛이 스킬을 사용할 때마다 해당 유닛은 다음 턴 이동력 -1 페널티를 받습니다.  밸브 조작: 밸브 인접 칸에서 행동 종료 시 조작 완료 (1턴 소모).  증기 피해: 2턴마다 밸브 주변 1칸에 뜨거운 증기가 분출되어 HP -15% 피해와 함께 1턴간 DEF -20% 페널티를 부여합니다.  공통 기믹: [금속 부식] 및 [과열] 적용.,15,100/ 100/ 100/ 100/ 100/ 100/102/ 102/ 102/ 102/118/ 118/ 118/119/ 119
62,재앙의 톱니바퀴,Gears of Calamity,res_icon_dooms/icon_doom_GearsofCalamity,폭주하는 증기 밸브,Overloading Steam Valves,폭발 직전의 엔진룸,작전 배경: 버민킨의 기계 구역 중앙 엔진이 폭주하며 고압의 증기를 내뿜고 있습니다. 이 증기는 드워프 장갑의 결합부를 약하게 만듭니다. 엔진이 과부하로 폭발하기 전에 맵 곳곳의 밸브를 수동으로 조작하여 압력을 낮추십시오.,과열된 밸브들을 순서대로 조작하여 냉각,어려움,고압 증기 분출,[공통 환경 기믹: 금속 부식]  전장 효과: 3턴마다 모든 아군 유닛 DEF -10% (최대 5회 중첩).  과열: 아군 유닛이 스킬을 사용할 때마다 해당 유닛은 다음 턴 이동력 -1 페널티를 받습니다.  밸브 조작: 밸브 인접 칸에서 행동 종료 시 조작 완료 (1턴 소모).  증기 피해: 2턴마다 밸브 주변 1칸에 뜨거운 증기가 분출되어 HP -15% 피해와 함께 1턴간 DEF -20% 페널티를 부여합니다.  공통 기믹: [금속 부식] 및 [과열] 적용.,22,104/ 104/ 104/ 104/ 104/ 104/ 104/ 104/ 104/ 104/118/ 118/ 118/ 118/ 118/119/ 119/ 119/ 119/ 119/120/ 120
63,재앙의 톱니바퀴,Gears of Calamity,res_icon_dooms/icon_doom_GearsofCalamity,기계 부품 수거,Mechanical Parts Salvage,고철 수집,버민킨들이 파괴된 기계들의 부품을 재활용하여 더 강력한 병기를 만들려 합니다. 적들이 부품을 수거해 가기 전에 우리가 먼저 핵심 부품들을 확보하여 아군의 장비를 강화하거나 적의 생산력을 꺾어야 합니다.,흩어진 희귀 부품 획득 후 안전하게 퇴각,쉬움,과부하된 부품,수거: 맵에 흩어진 '기계 부품' 타일 위에서 턴 종료 시 획득.  자기장: 부품을 소지한 유닛은 주변 1칸 내 아군의 **DEF를 턴당 -5%**씩 추가로 감소시킵니다 (금속 부식 가속).,8,100/ 100/ 100/ 100/101/ 101/ 101/ 101
64,재앙의 톱니바퀴,Gears of Calamity,res_icon_dooms/icon_doom_GearsofCalamity,기계 부품 수거,Mechanical Parts Salvage,부식의 잔해,버민킨들이 파괴된 기계들의 부품을 재활용하여 더 강력한 병기를 만들려 합니다. 적들이 부품을 수거해 가기 전에 우리가 먼저 핵심 부품들을 확보하여 아군의 장비를 강화하거나 적의 생산력을 꺾어야 합니다.,흩어진 희귀 부품 획득 후 안전하게 퇴각,보통,과부하된 부품,수거: 맵에 흩어진 '기계 부품' 타일 위에서 턴 종료 시 획득.  자기장: 부품을 소지한 유닛은 주변 1칸 내 아군의 **DEF를 턴당 -5%**씩 추가로 감소시킵니다 (금속 부식 가속).,15,100/ 100/ 100/ 100/ 100/ 100/102/ 102/ 102/ 102/118/ 118/ 118/119/ 119
65,재앙의 톱니바퀴,Gears of Calamity,res_icon_dooms/icon_doom_GearsofCalamity,기계 부품 수거,Mechanical Parts Salvage,강철의 무덤,버민킨들이 파괴된 기계들의 부품을 재활용하여 더 강력한 병기를 만들려 합니다. 적들이 부품을 수거해 가기 전에 우리가 먼저 핵심 부품들을 확보하여 아군의 장비를 강화하거나 적의 생산력을 꺾어야 합니다.,흩어진 희귀 부품 획득 후 안전하게 퇴각,어려움,과부하된 부품,수거: 맵에 흩어진 '기계 부품' 타일 위에서 턴 종료 시 획득.  자기장: 부품을 소지한 유닛은 주변 1칸 내 아군의 **DEF를 턴당 -5%**씩 추가로 감소시킵니다 (금속 부식 가속).,22,104/ 104/ 104/ 104/ 104/ 104/ 104/ 104/ 104/ 104/118/ 118/ 118/ 118/ 118/119/ 119/ 119/ 119/ 119/120/ 120
66,재앙의 톱니바퀴,Gears of Calamity,res_icon_dooms/icon_doom_GearsofCalamity,거대 드릴 호위,Giant Drill Escort,암석 돌파,버민킨들이 봉쇄한 지하 통로를 뚫기 위해 드워프 공병대가 '거대 드릴'을 투입했습니다. 드릴이 작동하는 동안 발생하는 엄청난 소음과 진동은 주변의 적들을 광분하게 만듭니다. 드릴이 파괴되지 않도록 적들의 공세를 막아내며 출구까지 전진하십시오.,외벽을 뚫는 드릴 전차가 파괴되지 않게 보호,쉬움,과열된 드릴,동력 공급: 아군 유닛이 드릴 인접 칸에 있을 때만 드릴이 전방으로 이동합니다. (다수 인접 시 속도 증가)  드릴 마찰열: 드릴 주변 1칸 내에서 턴 종료 시 HP -5% 피해를 받으며  [과열] 페널티가 즉시 1회 적용됩니다.,8,100/ 100/ 100/ 100/101/ 101/ 101/ 101
67,재앙의 톱니바퀴,Gears of Calamity,res_icon_dooms/icon_doom_GearsofCalamity,거대 드릴 호위,Giant Drill Escort,톱니바퀴의 저항,버민킨들이 봉쇄한 지하 통로를 뚫기 위해 드워프 공병대가 '거대 드릴'을 투입했습니다. 드릴이 작동하는 동안 발생하는 엄청난 소음과 진동은 주변의 적들을 광분하게 만듭니다. 드릴이 파괴되지 않도록 적들의 공세를 막아내며 출구까지 전진하십시오.,외벽을 뚫는 드릴 전차가 파괴되지 않게 보호,보통,과열된 드릴,동력 공급: 아군 유닛이 드릴 인접 칸에 있을 때만 드릴이 전방으로 이동합니다. (다수 인접 시 속도 증가)  드릴 마찰열: 드릴 주변 1칸 내에서 턴 종료 시 HP -5% 피해를 받으며  [과열] 페널티가 즉시 1회 적용됩니다.,15,100/ 100/ 100/ 100/ 100/ 100/102/ 102/ 102/ 102/118/ 118/ 118/119/ 119
68,재앙의 톱니바퀴,Gears of Calamity,res_icon_dooms/icon_doom_GearsofCalamity,거대 드릴 호위,Giant Drill Escort,무너지는 갱도,버민킨들이 봉쇄한 지하 통로를 뚫기 위해 드워프 공병대가 '거대 드릴'을 투입했습니다. 드릴이 작동하는 동안 발생하는 엄청난 소음과 진동은 주변의 적들을 광분하게 만듭니다. 드릴이 파괴되지 않도록 적들의 공세를 막아내며 출구까지 전진하십시오.,외벽을 뚫는 드릴 전차가 파괴되지 않게 보호,어려움,과열된 드릴,동력 공급: 아군 유닛이 드릴 인접 칸에 있을 때만 드릴이 전방으로 이동합니다. (다수 인접 시 속도 증가)  드릴 마찰열: 드릴 주변 1칸 내에서 턴 종료 시 HP -5% 피해를 받으며  [과열] 페널티가 즉시 1회 적용됩니다.,22,104/ 104/ 104/ 104/ 104/ 104/ 104/ 104/ 104/ 104/118/ 118/ 118/ 118/ 118/119/ 119/ 119/ 119/ 119/120/ 120
69,재앙의 톱니바퀴,Gears of Calamity,res_icon_dooms/icon_doom_GearsofCalamity,자동 포탑 해킹,Auto-Turret Hacking,시스템 침투,버민킨의 방어선에 고성능 자동 포탑들이 배치되었습니다. 이 포탑들은 두꺼운 드워프 장갑조차 관통하는 위력을 가졌습니다. 포탑의 제어 콘솔에 접속하여 시스템을 해킹하고  적들의 방어 체계를 무너뜨리십시오.,아군을 공격하는 포탑의 제어판 점령/복구,쉬움,제어권 탈취,해킹: 포탑 옆 '제어 콘솔' 타일에서 턴 종료 시 점령 수치 상승 (3턴 소모 시 해킹 완료).  가동: 해킹 완료된 포탑은 아군 유닛으로 취급되며  사거리 내 가장 가까운 적을 매 턴 자동 공격합니다.  포탑 포격: 해킹 전 포탑은 매 턴 종료 시 사거리 내 아군에게 **HP -20%**와 DEF -10% 피해를 입힙니다.,8,100/ 100/ 100/ 100/101/ 101/ 101/ 101
70,재앙의 톱니바퀴,Gears of Calamity,res_icon_dooms/icon_doom_GearsofCalamity,자동 포탑 해킹,Auto-Turret Hacking,네트워크 교란,버민킨의 방어선에 고성능 자동 포탑들이 배치되었습니다. 이 포탑들은 두꺼운 드워프 장갑조차 관통하는 위력을 가졌습니다. 포탑의 제어 콘솔에 접속하여 시스템을 해킹하고  적들의 방어 체계를 무너뜨리십시오.,아군을 공격하는 포탑의 제어판 점령/복구,보통,제어권 탈취,해킹: 포탑 옆 '제어 콘솔' 타일에서 턴 종료 시 점령 수치 상승 (3턴 소모 시 해킹 완료).  가동: 해킹 완료된 포탑은 아군 유닛으로 취급되며  사거리 내 가장 가까운 적을 매 턴 자동 공격합니다.  포탑 포격: 해킹 전 포탑은 매 턴 종료 시 사거리 내 아군에게 **HP -20%**와 DEF -10% 피해를 입힙니다.,15,100/ 100/ 100/ 100/ 100/ 100/102/ 102/ 102/ 102/118/ 118/ 118/119/ 119
71,재앙의 톱니바퀴,Gears of Calamity,res_icon_dooms/icon_doom_GearsofCalamity,자동 포탑 해킹,Auto-Turret Hacking,강철의 포화,버민킨의 방어선에 고성능 자동 포탑들이 배치되었습니다. 이 포탑들은 두꺼운 드워프 장갑조차 관통하는 위력을 가졌습니다. 포탑의 제어 콘솔에 접속하여 시스템을 해킹하고  적들의 방어 체계를 무너뜨리십시오.,아군을 공격하는 포탑의 제어판 점령/복구,어려움,제어권 탈취,해킹: 포탑 옆 '제어 콘솔' 타일에서 턴 종료 시 점령 수치 상승 (3턴 소모 시 해킹 완료).  가동: 해킹 완료된 포탑은 아군 유닛으로 취급되며  사거리 내 가장 가까운 적을 매 턴 자동 공격합니다.  포탑 포격: 해킹 전 포탑은 매 턴 종료 시 사거리 내 아군에게 **HP -20%**와 DEF -10% 피해를 입힙니다.,22,104/ 104/ 104/ 104/ 104/ 104/ 104/ 104/ 104/ 104/118/ 118/ 118/ 118/ 118/119/ 119/ 119/ 119/ 119/120/ 120
72,재앙의 톱니바퀴,Gears of Calamity,res_icon_dooms/icon_doom_GearsofCalamity,강철 파쇄기 파괴,Destruction of the Iron Shredder,고철 덩어리,버민킨 기계 공학의 결정체인 '강철 파쇄기'가 가동되었습니다. 이 거대 병기는 전면의 모든 것을 갈아버리며 진격하고 있습니다. 파쇄기의 동력실을 타격하여 멈추지 않는 톱날을 박살 내고 기계 요새의 숨통을 끊으십시오.,아군 장비를 부수려는 대형 로봇 파괴,쉬움,[특수 보스 기믹: 분쇄 작업],분쇄: 보스는 매 턴 종료 시 정면 3칸 내 모든 아군에게 **현재 DEF의 30%**를 즉시 파괴하고 피해를 입힙니다.  장갑 파편: 보스를 타격할 때마다 주변 1칸에 파편이 튀어 아군에게 HP -5% 반사 피해를 입힙니다.,7,100/ 100/ 100/ 100/101/ 101/121
73,재앙의 톱니바퀴,Gears of Calamity,res_icon_dooms/icon_doom_GearsofCalamity,강철 파쇄기 파괴,Destruction of the Iron Shredder,강철의 포식자,버민킨 기계 공학의 결정체인 '강철 파쇄기'가 가동되었습니다. 이 거대 병기는 전면의 모든 것을 갈아버리며 진격하고 있습니다. 파쇄기의 동력실을 타격하여 멈추지 않는 톱날을 박살 내고 기계 요새의 숨통을 끊으십시오.,아군 장비를 부수려는 대형 로봇 파괴,보통,[특수 보스 기믹: 분쇄 작업],분쇄: 보스는 매 턴 종료 시 정면 3칸 내 모든 아군에게 **현재 DEF의 30%**를 즉시 파괴하고 피해를 입힙니다.  장갑 파편: 보스를 타격할 때마다 주변 1칸에 파편이 튀어 아군에게 HP -5% 반사 피해를 입힙니다.,11,102/ 102/ 102/ 102/ 102/ 102/118/ 118/119/ 119/ 119
74,재앙의 톱니바퀴,Gears of Calamity,res_icon_dooms/icon_doom_GearsofCalamity,강철 파쇄기 파괴,Destruction of the Iron Shredder,재앙의 분쇄기,버민킨 기계 공학의 결정체인 '강철 파쇄기'가 가동되었습니다. 이 거대 병기는 전면의 모든 것을 갈아버리며 진격하고 있습니다. 파쇄기의 동력실을 타격하여 멈추지 않는 톱날을 박살 내고 기계 요새의 숨통을 끊으십시오.,아군 장비를 부수려는 대형 로봇 파괴,어려움,[특수 보스 기믹: 분쇄 작업],분쇄: 보스는 매 턴 종료 시 정면 3칸 내 모든 아군에게 **현재 DEF의 30%**를 즉시 파괴하고 피해를 입힙니다.  장갑 파편: 보스를 타격할 때마다 주변 1칸에 파편이 튀어 아군에게 HP -5% 반사 피해를 입힙니다.,17,104/ 104/ 104/ 104/ 104/ 104/ 104/118/ 118/ 118/ 118/119/ 119/ 119/ 119/120/ 120
75,10일차: 버민킨 대공세,Verminkin Great Assault,res_icon_dooms/icon_doom_GearsofCalamity,외성벽 결사 사수,The Bastion's First Stand,외성벽 결사 사수,10일간의 국지전을 견뎌낸 우리 군단 앞에 버민킨 본대의 선발대가 모습을 드러냈습니다. 수천 마리의 쥐들이 성벽을 타고 오르려 합니다. 성문이 뚫리면 도성 안의 백성들이 위험합니다. 드워프의 자부심  강철 성벽을 사수하십시오!,[승리 및 패배 조건] 승리 조건: 12턴 종료 시까지 성문 내구도 1% 이상 유지 및 성벽 위 잔존 적 3마리 이하. 패배 조건: 성문 내구도 0% 도달 또는 아군 전멸.,보통,[미션 고유 기믹: 성벽 수성전],지형 보너스: 성벽 위(고지대) 아군은 사거리 +1  명중률 +10%  받는 물리 피해 -15% 보너스를 받습니다. 공성 사다리: 매 2턴마다 성벽 아래 3개 지점 중 무작위로 사다리가 설치됩니다. 사다리가 설치된 칸에 적이 도달하면 다음 턴에 즉시 성벽 위로 난입합니다. 성문 내구도 (Gate HP): 100%  성벽 아래 '공성병'이 성문에 인접하면 매 턴 **10%**씩 감소합니다. 0%가 되면 즉시 게임 오버입니다.,22,100/ 100/ 100/ 100/ 100/ 100/ 100/ 100/ 100/ 100/ 100/ 100/101/ 101/ 101/ 101/ 101/ 101/102/ 102/ 102/ 102
76,20일차: 지하 침투로 봉쇄,Verminkin Great Assault,res_icon_dooms/icon_doom_GearsofCalamity,지하 침투로 봉쇄,Sealing the Subterranean Breach,지하 침투로 봉쇄,작전 배경: 성벽 수비에 집중하는 사이  영악한 버민킨 공병들이 성바닥 아래로 거대한 땅굴을 팠습니다. 성 내부 창고와 민가 바닥에서 적들이 쏟아져 나오기 시작했습니다. 더 많은 병력이 유입되기 전에 침투로를 무너뜨리고 내부를 정화하십시오!,[승리 및 패배 조건] 승리 조건: 맵 상의 모든 '땅굴 입구(3개)' 파괴 및 성내 잔존 적 전멸. 패배 조건: 성내 치안 수치 0% 도달 (적의 특정 지점 도달 허용) 또는 아군 전멸.,보통,[미션 고유 기믹: 땅굴 입구 (Tunnel Entrance)],무한 증원: 맵 곳곳에 3개의 '땅굴 입구' 오브젝트가 존재합니다. 매 2턴마다 각 입구에서 버민킨 유닛이 1~2마리씩 생성됩니다. 입구 파괴: 땅굴 입구는 [오브젝트] 판정을 받으며  일정 데미지(HP)를 입히면 파괴됩니다. 파괴된 입구에서는 더 이상 적이 나오지 않습니다. 성내 오염: 적 유닛이 성내 특정 구역(민간인 대피소 방향)에 도달하면 '치안 수치'가 감소하며  0이 되면 패배합니다.,15,100/ 100/ 100/ 100/ 100/ 100/ 100/ 100/118/ 118/119/ 119/122/ 122/ 122
77,30일차: 무기고 탈환 및 방어,Verminkin Great Assault,res_icon_dooms/icon_doom_GearsofCalamity,무기고 탈환전,Armory Reclamation & Defense,무기고 탈환전,작전 배경: 버민킨의 정예 기계 부대가 아군의 핵심 무기고를 점령했습니다. 보급로가 차단되어 전방의 드워프 군단이 무기 수리조차 못 하고 있습니다. 무너진 장갑을 이끌고 무기고를 급습하여 제어권을 되찾고  적의 탈환 시도를 분쇄하십시오!,[승리 및 패배 조건] 승리 조건: 무기고 제어실 점령 후 15턴 종료 시까지 거점 유지 및 화약고 사수. 패배 조건: 화약고 파괴(폭탄쥐 도달) 또는 아군 전멸.,보통,[미션 고유 기믹: 무기 보급 중단],장비 약화 (Global Debuff): 미션 시작 시 모든 아군 유닛은 ATK -15%  DEF -15% 페널티를 안고 시작합니다. (무기고 점령 시 해제)  거점 점령: 맵 중앙의 '무기고 제어실' 타일을 3턴간 점령하면 아군의 페널티가 해제되고  아군 유닛 전체에 [공격력 +20%] 버프가 부여됩니다. 폭발 위험: 적군 **[과부하 폭탄쥐]**가 무기고 내부의 화약고에 도달하면 무기고가 파괴되며 즉시 패배합니다.,15,101/ 101/ 101/ 101/ 101/ 101/ 101/ 101/115/ 115/ 115/118/ 118/ 118/ 118
78,40일차: 중앙 광장 최후 항전,Verminkin Great Assault,res_icon_dooms/icon_doom_GearsofCalamity,중앙 광장 최후 항전,Last Stand at the Great Plaza,중앙 광장 최후 항전,작전 배경: 성문은 부서졌고 지하는 함락되었습니다. 버민킨의 대군이 왕국의 심장부인 중앙 광장으로 밀려듭니다. 대피하지 못한 백성들이 광장에 고립되었습니다. 저들이 무사히 지하 방공호로 대피할 때까지  단 한 걸음도 물러서지 말고 광장을 사수하십시오!,승리 조건: 민간인 전원 대피 완료(약 15턴 소요) 및 광장 내 잔존 적 소탕. 패배 조건: 민간인 사망자 5명 이상 발생 또는 아군 전멸.,어려움,[미션 고유 기믹: 민간인 호위 및 사면 포위],대피 진행: 매 턴 종료 시 광장에 남은 '민간인 유닛'들이 대피소 입구로 이동합니다. (전원 대피 시 승리 조건 달성 가속)  사면 진격: 적군은 맵의 상/하/좌/우 4방향에서 동시에 등장합니다. 진형이 붕괴되면 민간인들이 학살당합니다. 공포의 가스: 5턴부터 적 **[가스탄 투척병]**이 광장 중앙에 산성 가스를 살포하여 아군의 DEF를 매 턴 5%씩 영구 감소시킵니다.,32,100/ 100/ 100/ 100/ 100/ 100/ 100/ 100/ 100/ 100/ 100/ 100/ 100/ 100/ 100/ 100/102/ 102/ 102/ 102/ 102/ 102/ 102/ 102/114/ 114/ 114/ 114/125/ 125/ 125/ 125
79,50일차: 왕의 관문,Verminkin Great Assault,res_icon_dooms/icon_doom_GearsofCalamity,왕의 관문: 최종전,The King's Gate: The Final Stand,왕의 관문: 최종전,작전 배경: 버민킨의 황제  '버민 엠퍼러'가 직접 거대 공성 병기 [파편의 군주]를 이끌고 왕국의 심장부인 왕의 관문 앞에 섰습니다. 이 문이 무너지면 드워프의 역사는 끝납니다. 50일간의 수련을 마친 용사들이여  드워프의 자부심을 걸고 최후의 적을 처단하십시오!,승리 조건: 최종 보스 [버민 엠퍼러] 처단 (성문 내구도 1% 이상 유지 필수). 패배 조건: 성문 내구도 0% 도달 또는 아군 전원 전멸.,어려움,[미션 고유 기믹: 최종 결전],성문 내구도 (Gate HP): 100%  거대 공성 병기가 3턴마다 '공성 포격'을 가해 성문 내구도를 **20%**씩 깎습니다. 황제의 위엄: 보스 [버민 엠퍼러]가 전장에 존재하는 동안 모든 적 유닛은 ATK +15%  상태이상 면역 효과를 받습니다. 불멸의 영혼: 전장에 있는 모든 적은 사망 시 20% 확률로 부활합니다 (영혼 수확 테마의 강화형).,15,114/ 114/ 114/ 114/115/ 115/ 115/ 115/116/ 116/118/ 118/ 118/ 118/123